text,country,location
美日于2023年9月10日在黄海举行联合军演,美日,黄海
美韩在日本海举行联合军演,美韩,日本海
中俄于2023年9月10日在东海举行联合军演,中俄,东海
中泰在南海举行联合军演,中泰,南海
中缅在珊瑚海举行联合军演,中缅,珊瑚海
美菲于2008年9月10日在黄海举行联合军演,美菲,黄海
日韩在日本海举行联合军演,日韩,日本海
中老于2013年2月10日在东海举行联合军演,中老,东海
中柬在南海举行联合军演,中柬,南海
新加坡在吕宋岛举行军演,新加坡,吕宋岛
美日于2023年9月10日在黄海举行联合军演,美日,黄海
美韩在日本海举行联合军演,美韩,日本海
中俄于2023年9月10日在东海举行联合军演,中俄,东海
中泰在南海举行联合军演,中泰,南海
中缅在珊瑚海举行联合军演,中缅,珊瑚海
美菲于2008年9月10日在黄海举行联合军演,美菲,黄海
日韩在日本海举行联合军演,日韩,日本海
中老于2013年2月10日在东海举行联合军演,中老,东海
中柬在南海举行联合军演,中柬,南海
新加坡在吕宋岛举行军演,新加坡,吕宋岛